{"cameraMode":{"drawMode":0,"name":"Shaded","section":"Shading Mode"},"sceneLighting":true,"audioPlay":false,"sceneViewState":{"m_AlwaysRefresh":false,"showFog":true,"showSkybox":true,"showFlares":true,"showImageEffects":true,"showParticleSystems":true,"showVisualEffectGraphs":true,"m_FxEnabled":true},"in2DMode":false,"pivot":{"x":409.45001220703127,"y":0.5565640926361084,"z":345.4200134277344},"rotation":{"x":-0.35206565260887148,"y":0.15122826397418977,"z":-0.05775493383407593,"w":-0.9218699932098389},"size":2.0090718269348146,"orthographic":false}